technology,nominal_depth,error_rate,min_freq,p_threshold,seed,kind,sites,callable_sites,raw_joint_cov5,true_differences,true_diff_callable,recovered_differences,masked_differences,uncallable_differences,false_differences,same_callable,popani,true_ani_callable
illumina_HS25,10,0.001,0.0,0.05,11,different,18000,17051,17051,180,171,171,0,9,0,16880,98.99712626825406,98.99712626825406
illumina_HS25,10,0.001,0.0,0.05,29,different,18000,17208,17208,180,170,166,4,10,0,17038,99.03533240353325,99.01208740120872
illumina_HS25,10,0.001,0.0,0.05,0,identical_A,18000,16989,16989,0,0,0,0,0,0,16989,100.0,100.0
illumina_HS25,10,0.001,0.0,0.05,0,identical_B,18000,17273,17273,0,0,0,0,0,0,17273,100.0,100.0
illumina_HS25,10,0.001,0.0,1e-06,11,different,18000,17047,17051,180,171,171,0,9,0,16876,98.996890948554,98.996890948554
illumina_HS25,10,0.001,0.0,1e-06,29,different,18000,17202,17208,180,169,169,0,11,0,17033,99.01755609812813,99.01755609812813
illumina_HS25,10,0.001,0.0,1e-06,0,identical_A,18000,16982,16989,0,0,0,0,0,0,16982,100.0,100.0
illumina_HS25,10,0.001,0.0,1e-06,0,identical_B,18000,17270,17273,0,0,0,0,0,0,17270,100.0,100.0
illumina_HS25,10,0.001,0.01,0.05,11,different,18000,17051,17051,180,171,171,0,9,0,16880,98.99712626825406,98.99712626825406
illumina_HS25,10,0.001,0.01,0.05,29,different,18000,17208,17208,180,170,166,4,10,0,17038,99.03533240353325,99.01208740120872
illumina_HS25,10,0.001,0.01,0.05,0,identical_A,18000,16989,16989,0,0,0,0,0,0,16989,100.0,100.0
illumina_HS25,10,0.001,0.01,0.05,0,identical_B,18000,17273,17273,0,0,0,0,0,0,17273,100.0,100.0
illumina_HS25,10,0.001,0.01,1e-06,11,different,18000,17047,17051,180,171,171,0,9,0,16876,98.996890948554,98.996890948554
illumina_HS25,10,0.001,0.01,1e-06,29,different,18000,17202,17208,180,169,169,0,11,0,17033,99.01755609812813,99.01755609812813
illumina_HS25,10,0.001,0.01,1e-06,0,identical_A,18000,16982,16989,0,0,0,0,0,0,16982,100.0,100.0
illumina_HS25,10,0.001,0.01,1e-06,0,identical_B,18000,17270,17273,0,0,0,0,0,0,17270,100.0,100.0
illumina_HS25,30,0.001,0.0,0.05,11,different,18000,18000,18000,180,180,179,1,0,0,17820,99.00555555555556,99.0
illumina_HS25,30,0.001,0.0,0.05,29,different,18000,18000,18000,180,180,175,5,0,0,17820,99.0277777777778,99.0
illumina_HS25,30,0.001,0.0,0.05,0,identical_A,18000,18000,18000,0,0,0,0,0,0,18000,100.0,100.0
illumina_HS25,30,0.001,0.0,0.05,0,identical_B,18000,18000,18000,0,0,0,0,0,0,18000,100.0,100.0
illumina_HS25,30,0.001,0.0,1e-06,11,different,18000,18000,18000,180,180,180,0,0,0,17820,99.0,99.0
illumina_HS25,30,0.001,0.0,1e-06,29,different,18000,18000,18000,180,180,180,0,0,0,17820,99.0,99.0
illumina_HS25,30,0.001,0.0,1e-06,0,identical_A,18000,18000,18000,0,0,0,0,0,0,18000,100.0,100.0
illumina_HS25,30,0.001,0.0,1e-06,0,identical_B,18000,18000,18000,0,0,0,0,0,0,18000,100.0,100.0
illumina_HS25,30,0.001,0.01,0.05,11,different,18000,18000,18000,180,180,179,1,0,0,17820,99.00555555555556,99.0
illumina_HS25,30,0.001,0.01,0.05,29,different,18000,18000,18000,180,180,175,5,0,0,17820,99.0277777777778,99.0
illumina_HS25,30,0.001,0.01,0.05,0,identical_A,18000,18000,18000,0,0,0,0,0,0,18000,100.0,100.0
illumina_HS25,30,0.001,0.01,0.05,0,identical_B,18000,18000,18000,0,0,0,0,0,0,18000,100.0,100.0
illumina_HS25,30,0.001,0.01,1e-06,11,different,18000,18000,18000,180,180,180,0,0,0,17820,99.0,99.0
illumina_HS25,30,0.001,0.01,1e-06,29,different,18000,18000,18000,180,180,180,0,0,0,17820,99.0,99.0
illumina_HS25,30,0.001,0.01,1e-06,0,identical_A,18000,18000,18000,0,0,0,0,0,0,18000,100.0,100.0
illumina_HS25,30,0.001,0.01,1e-06,0,identical_B,18000,18000,18000,0,0,0,0,0,0,18000,100.0,100.0
illumina_HS25,100,0.001,0.0,0.05,11,different,18000,18000,18000,180,180,174,6,0,0,17820,99.03333333333332,99.0
illumina_HS25,100,0.001,0.0,0.05,29,different,18000,18000,18000,180,180,168,12,0,0,17820,99.06666666666666,99.0
illumina_HS25,100,0.001,0.0,0.05,0,identical_A,18000,18000,18000,0,0,0,0,0,0,18000,100.0,100.0
illumina_HS25,100,0.001,0.0,0.05,0,identical_B,18000,18000,18000,0,0,0,0,0,0,18000,100.0,100.0
illumina_HS25,100,0.001,0.0,1e-06,11,different,18000,18000,18000,180,180,180,0,0,0,17820,99.0,99.0
illumina_HS25,100,0.001,0.0,1e-06,29,different,18000,18000,18000,180,180,180,0,0,0,17820,99.0,99.0
illumina_HS25,100,0.001,0.0,1e-06,0,identical_A,18000,18000,18000,0,0,0,0,0,0,18000,100.0,100.0
illumina_HS25,100,0.001,0.0,1e-06,0,identical_B,18000,18000,18000,0,0,0,0,0,0,18000,100.0,100.0
illumina_HS25,100,0.001,0.01,0.05,11,different,18000,18000,18000,180,180,177,3,0,0,17820,99.01666666666668,99.0
illumina_HS25,100,0.001,0.01,0.05,29,different,18000,18000,18000,180,180,175,5,0,0,17820,99.0277777777778,99.0
illumina_HS25,100,0.001,0.01,0.05,0,identical_A,18000,18000,18000,0,0,0,0,0,0,18000,100.0,100.0
illumina_HS25,100,0.001,0.01,0.05,0,identical_B,18000,18000,18000,0,0,0,0,0,0,18000,100.0,100.0
illumina_HS25,100,0.001,0.01,1e-06,11,different,18000,18000,18000,180,180,180,0,0,0,17820,99.0,99.0
illumina_HS25,100,0.001,0.01,1e-06,29,different,18000,18000,18000,180,180,180,0,0,0,17820,99.0,99.0
illumina_HS25,100,0.001,0.01,1e-06,0,identical_A,18000,18000,18000,0,0,0,0,0,0,18000,100.0,100.0
illumina_HS25,100,0.001,0.01,1e-06,0,identical_B,18000,18000,18000,0,0,0,0,0,0,18000,100.0,100.0
illumina_HS25,300,0.001,0.0,0.05,11,different,18000,18000,18000,180,180,180,0,0,0,17820,99.0,99.0
illumina_HS25,300,0.001,0.0,0.05,29,different,18000,18000,18000,180,180,180,0,0,0,17820,99.0,99.0
illumina_HS25,300,0.001,0.0,0.05,0,identical_A,18000,18000,18000,0,0,0,0,0,0,18000,100.0,100.0
illumina_HS25,300,0.001,0.0,0.05,0,identical_B,18000,18000,18000,0,0,0,0,0,0,18000,100.0,100.0
illumina_HS25,300,0.001,0.0,1e-06,11,different,18000,18000,18000,180,180,180,0,0,0,17820,99.0,99.0
illumina_HS25,300,0.001,0.0,1e-06,29,different,18000,18000,18000,180,180,180,0,0,0,17820,99.0,99.0
illumina_HS25,300,0.001,0.0,1e-06,0,identical_A,18000,18000,18000,0,0,0,0,0,0,18000,100.0,100.0
illumina_HS25,300,0.001,0.0,1e-06,0,identical_B,18000,18000,18000,0,0,0,0,0,0,18000,100.0,100.0
illumina_HS25,300,0.001,0.01,0.05,11,different,18000,18000,18000,180,180,180,0,0,0,17820,99.0,99.0
illumina_HS25,300,0.001,0.01,0.05,29,different,18000,18000,18000,180,180,180,0,0,0,17820,99.0,99.0
illumina_HS25,300,0.001,0.01,0.05,0,identical_A,18000,18000,18000,0,0,0,0,0,0,18000,100.0,100.0
illumina_HS25,300,0.001,0.01,0.05,0,identical_B,18000,18000,18000,0,0,0,0,0,0,18000,100.0,100.0
illumina_HS25,300,0.001,0.01,1e-06,11,different,18000,18000,18000,180,180,180,0,0,0,17820,99.0,99.0
illumina_HS25,300,0.001,0.01,1e-06,29,different,18000,18000,18000,180,180,180,0,0,0,17820,99.0,99.0
illumina_HS25,300,0.001,0.01,1e-06,0,identical_A,18000,18000,18000,0,0,0,0,0,0,18000,100.0,100.0
illumina_HS25,300,0.001,0.01,1e-06,0,identical_B,18000,18000,18000,0,0,0,0,0,0,18000,100.0,100.0
illumina_HS25,1000,0.001,0.0,0.05,11,different,18000,18000,18000,180,180,172,8,0,0,17820,99.04444444444444,99.0
illumina_HS25,1000,0.001,0.0,0.05,29,different,18000,18000,18000,180,180,173,7,0,0,17820,99.03888888888888,99.0
illumina_HS25,1000,0.001,0.0,0.05,0,identical_A,18000,18000,18000,0,0,0,0,0,0,18000,100.0,100.0
illumina_HS25,1000,0.001,0.0,0.05,0,identical_B,18000,18000,18000,0,0,0,0,0,0,18000,100.0,100.0
illumina_HS25,1000,0.001,0.0,1e-06,11,different,18000,18000,18000,180,180,180,0,0,0,17820,99.0,99.0
illumina_HS25,1000,0.001,0.0,1e-06,29,different,18000,18000,18000,180,180,180,0,0,0,17820,99.0,99.0
illumina_HS25,1000,0.001,0.0,1e-06,0,identical_A,18000,18000,18000,0,0,0,0,0,0,18000,100.0,100.0
illumina_HS25,1000,0.001,0.0,1e-06,0,identical_B,18000,18000,18000,0,0,0,0,0,0,18000,100.0,100.0
illumina_HS25,1000,0.001,0.01,0.05,11,different,18000,18000,18000,180,180,180,0,0,0,17820,99.0,99.0
illumina_HS25,1000,0.001,0.01,0.05,29,different,18000,18000,18000,180,180,180,0,0,0,17820,99.0,99.0
illumina_HS25,1000,0.001,0.01,0.05,0,identical_A,18000,18000,18000,0,0,0,0,0,0,18000,100.0,100.0
illumina_HS25,1000,0.001,0.01,0.05,0,identical_B,18000,18000,18000,0,0,0,0,0,0,18000,100.0,100.0
illumina_HS25,1000,0.001,0.01,1e-06,11,different,18000,18000,18000,180,180,180,0,0,0,17820,99.0,99.0
illumina_HS25,1000,0.001,0.01,1e-06,29,different,18000,18000,18000,180,180,180,0,0,0,17820,99.0,99.0
illumina_HS25,1000,0.001,0.01,1e-06,0,identical_A,18000,18000,18000,0,0,0,0,0,0,18000,100.0,100.0
illumina_HS25,1000,0.001,0.01,1e-06,0,identical_B,18000,18000,18000,0,0,0,0,0,0,18000,100.0,100.0
ont_Q20,10,0.001,0.0,0.05,11,different,18000,16367,16367,180,166,163,3,14,0,16201,99.0040936029816,98.98576403739231
ont_Q20,10,0.001,0.0,0.05,29,different,18000,16619,16619,180,167,162,5,13,0,16452,99.02521210662496,98.99512606053312
ont_Q20,10,0.001,0.0,0.05,0,identical_A,18000,16465,16465,0,0,0,0,0,0,16465,100.0,100.0
ont_Q20,10,0.001,0.0,0.05,0,identical_B,18000,16452,16452,0,0,0,0,0,0,16452,100.0,100.0
ont_Q20,10,0.001,0.0,1e-06,11,different,18000,16349,16367,180,166,166,0,14,0,16183,98.9846473790446,98.9846473790446
ont_Q20,10,0.001,0.0,1e-06,29,different,18000,16612,16619,180,167,167,0,13,0,16445,98.99470262460872,98.99470262460872
ont_Q20,10,0.001,0.0,1e-06,0,identical_A,18000,16449,16465,0,0,0,0,0,0,16449,100.0,100.0
ont_Q20,10,0.001,0.0,1e-06,0,identical_B,18000,16441,16452,0,0,0,0,0,0,16441,100.0,100.0
ont_Q20,10,0.001,0.01,0.05,11,different,18000,16367,16367,180,166,163,3,14,0,16201,99.0040936029816,98.98576403739231
ont_Q20,10,0.001,0.01,0.05,29,different,18000,16619,16619,180,167,162,5,13,0,16452,99.02521210662496,98.99512606053312
ont_Q20,10,0.001,0.01,0.05,0,identical_A,18000,16465,16465,0,0,0,0,0,0,16465,100.0,100.0
ont_Q20,10,0.001,0.01,0.05,0,identical_B,18000,16452,16452,0,0,0,0,0,0,16452,100.0,100.0
ont_Q20,10,0.001,0.01,1e-06,11,different,18000,16349,16367,180,166,166,0,14,0,16183,98.9846473790446,98.9846473790446
ont_Q20,10,0.001,0.01,1e-06,29,different,18000,16612,16619,180,167,167,0,13,0,16445,98.99470262460872,98.99470262460872
ont_Q20,10,0.001,0.01,1e-06,0,identical_A,18000,16449,16465,0,0,0,0,0,0,16449,100.0,100.0
ont_Q20,10,0.001,0.01,1e-06,0,identical_B,18000,16441,16452,0,0,0,0,0,0,16441,100.0,100.0
ont_Q20,30,0.001,0.0,0.05,11,different,18000,18000,18000,180,180,169,11,0,0,17820,99.06111111111112,99.0
ont_Q20,30,0.001,0.0,0.05,29,different,18000,18000,18000,180,180,170,10,0,0,17820,99.05555555555556,99.0
ont_Q20,30,0.001,0.0,0.05,0,identical_A,18000,18000,18000,0,0,0,0,0,0,18000,100.0,100.0
ont_Q20,30,0.001,0.0,0.05,0,identical_B,18000,18000,18000,0,0,0,0,0,0,18000,100.0,100.0
ont_Q20,30,0.001,0.0,1e-06,11,different,18000,18000,18000,180,180,180,0,0,0,17820,99.0,99.0
ont_Q20,30,0.001,0.0,1e-06,29,different,18000,18000,18000,180,180,180,0,0,0,17820,99.0,99.0
ont_Q20,30,0.001,0.0,1e-06,0,identical_A,18000,18000,18000,0,0,0,0,0,0,18000,100.0,100.0
ont_Q20,30,0.001,0.0,1e-06,0,identical_B,18000,18000,18000,0,0,0,0,0,0,18000,100.0,100.0
ont_Q20,30,0.001,0.01,0.05,11,different,18000,18000,18000,180,180,169,11,0,0,17820,99.06111111111112,99.0
ont_Q20,30,0.001,0.01,0.05,29,different,18000,18000,18000,180,180,170,10,0,0,17820,99.05555555555556,99.0
ont_Q20,30,0.001,0.01,0.05,0,identical_A,18000,18000,18000,0,0,0,0,0,0,18000,100.0,100.0
ont_Q20,30,0.001,0.01,0.05,0,identical_B,18000,18000,18000,0,0,0,0,0,0,18000,100.0,100.0
ont_Q20,30,0.001,0.01,1e-06,11,different,18000,18000,18000,180,180,180,0,0,0,17820,99.0,99.0
ont_Q20,30,0.001,0.01,1e-06,29,different,18000,18000,18000,180,180,180,0,0,0,17820,99.0,99.0
ont_Q20,30,0.001,0.01,1e-06,0,identical_A,18000,18000,18000,0,0,0,0,0,0,18000,100.0,100.0
ont_Q20,30,0.001,0.01,1e-06,0,identical_B,18000,18000,18000,0,0,0,0,0,0,18000,100.0,100.0
ont_Q20,100,0.001,0.0,0.05,11,different,18000,18000,18000,180,180,150,30,0,0,17820,99.16666666666669,99.0
ont_Q20,100,0.001,0.0,0.05,29,different,18000,18000,18000,180,180,149,31,0,0,17820,99.17222222222222,99.0
ont_Q20,100,0.001,0.0,0.05,0,identical_A,18000,18000,18000,0,0,0,0,0,0,18000,100.0,100.0
ont_Q20,100,0.001,0.0,0.05,0,identical_B,18000,18000,18000,0,0,0,0,0,0,18000,100.0,100.0
ont_Q20,100,0.001,0.0,1e-06,11,different,18000,18000,18000,180,180,180,0,0,0,17820,99.0,99.0
ont_Q20,100,0.001,0.0,1e-06,29,different,18000,18000,18000,180,180,180,0,0,0,17820,99.0,99.0
ont_Q20,100,0.001,0.0,1e-06,0,identical_A,18000,18000,18000,0,0,0,0,0,0,18000,100.0,100.0
ont_Q20,100,0.001,0.0,1e-06,0,identical_B,18000,18000,18000,0,0,0,0,0,0,18000,100.0,100.0
ont_Q20,100,0.001,0.01,0.05,11,different,18000,18000,18000,180,180,153,27,0,0,17820,99.15,99.0
ont_Q20,100,0.001,0.01,0.05,29,different,18000,18000,18000,180,180,159,21,0,0,17820,99.11666666666666,99.0
ont_Q20,100,0.001,0.01,0.05,0,identical_A,18000,18000,18000,0,0,0,0,0,0,18000,100.0,100.0
ont_Q20,100,0.001,0.01,0.05,0,identical_B,18000,18000,18000,0,0,0,0,0,0,18000,100.0,100.0
ont_Q20,100,0.001,0.01,1e-06,11,different,18000,18000,18000,180,180,180,0,0,0,17820,99.0,99.0
ont_Q20,100,0.001,0.01,1e-06,29,different,18000,18000,18000,180,180,180,0,0,0,17820,99.0,99.0
ont_Q20,100,0.001,0.01,1e-06,0,identical_A,18000,18000,18000,0,0,0,0,0,0,18000,100.0,100.0
ont_Q20,100,0.001,0.01,1e-06,0,identical_B,18000,18000,18000,0,0,0,0,0,0,18000,100.0,100.0
ont_Q20,300,0.001,0.0,0.05,11,different,18000,18000,18000,180,180,149,31,0,0,17820,99.17222222222222,99.0
ont_Q20,300,0.001,0.0,0.05,29,different,18000,18000,18000,180,180,155,25,0,0,17820,99.13888888888889,99.0
ont_Q20,300,0.001,0.0,0.05,0,identical_A,18000,18000,18000,0,0,0,0,0,0,18000,100.0,100.0
ont_Q20,300,0.001,0.0,0.05,0,identical_B,18000,18000,18000,0,0,0,0,0,0,18000,100.0,100.0
ont_Q20,300,0.001,0.0,1e-06,11,different,18000,18000,18000,180,180,180,0,0,0,17820,99.0,99.0
ont_Q20,300,0.001,0.0,1e-06,29,different,18000,18000,18000,180,180,179,1,0,0,17820,99.00555555555556,99.0
ont_Q20,300,0.001,0.0,1e-06,0,identical_A,18000,18000,18000,0,0,0,0,0,0,18000,100.0,100.0
ont_Q20,300,0.001,0.0,1e-06,0,identical_B,18000,18000,18000,0,0,0,0,0,0,18000,100.0,100.0
ont_Q20,300,0.001,0.01,0.05,11,different,18000,18000,18000,180,180,174,6,0,0,17820,99.03333333333332,99.0
ont_Q20,300,0.001,0.01,0.05,29,different,18000,18000,18000,180,180,174,6,0,0,17820,99.03333333333332,99.0
ont_Q20,300,0.001,0.01,0.05,0,identical_A,18000,18000,18000,0,0,0,0,0,0,18000,100.0,100.0
ont_Q20,300,0.001,0.01,0.05,0,identical_B,18000,18000,18000,0,0,0,0,0,0,18000,100.0,100.0
ont_Q20,300,0.001,0.01,1e-06,11,different,18000,18000,18000,180,180,180,0,0,0,17820,99.0,99.0
ont_Q20,300,0.001,0.01,1e-06,29,different,18000,18000,18000,180,180,179,1,0,0,17820,99.00555555555556,99.0
ont_Q20,300,0.001,0.01,1e-06,0,identical_A,18000,18000,18000,0,0,0,0,0,0,18000,100.0,100.0
ont_Q20,300,0.001,0.01,1e-06,0,identical_B,18000,18000,18000,0,0,0,0,0,0,18000,100.0,100.0
ont_Q20,1000,0.001,0.0,0.05,11,different,18000,18000,18000,180,180,86,94,0,0,17820,99.52222222222224,99.0
ont_Q20,1000,0.001,0.0,1e-06,11,different,18000,18000,18000,180,180,169,11,0,0,17820,99.06111111111112,99.0
ont_Q20,1000,0.001,0.01,0.05,11,different,18000,18000,18000,180,180,177,3,0,0,17820,99.01666666666668,99.0
ont_Q20,1000,0.001,0.01,1e-06,11,different,18000,18000,18000,180,180,177,3,0,0,17820,99.01666666666668,99.0
ont_Q25,10,0.001,0.0,0.05,11,different,18000,17869,17869,180,179,175,4,1,0,17690,99.02065028820864,98.99826515193912
ont_Q25,10,0.001,0.0,0.05,29,different,18000,17041,17041,180,167,165,2,13,0,16874,99.03174696320636,99.0200105627604
ont_Q25,10,0.001,0.0,0.05,0,identical_A,18000,17865,17865,0,0,0,0,0,0,17865,100.0,100.0
ont_Q25,10,0.001,0.0,0.05,0,identical_B,18000,17055,17055,0,0,0,0,0,0,17055,100.0,100.0
ont_Q25,10,0.001,0.0,1e-06,11,different,18000,17865,17869,180,179,179,0,1,0,17686,98.9980408620207,98.9980408620207
ont_Q25,10,0.001,0.0,1e-06,29,different,18000,17038,17041,180,167,167,0,13,0,16871,99.019838009156,99.019838009156
ont_Q25,10,0.001,0.0,1e-06,0,identical_A,18000,17864,17865,0,0,0,0,0,0,17864,100.0,100.0
ont_Q25,10,0.001,0.0,1e-06,0,identical_B,18000,17050,17055,0,0,0,0,0,0,17050,100.0,100.0
ont_Q25,10,0.001,0.01,0.05,11,different,18000,17869,17869,180,179,175,4,1,0,17690,99.02065028820864,98.99826515193912
ont_Q25,10,0.001,0.01,0.05,29,different,18000,17041,17041,180,167,165,2,13,0,16874,99.03174696320636,99.0200105627604
ont_Q25,10,0.001,0.01,0.05,0,identical_A,18000,17865,17865,0,0,0,0,0,0,17865,100.0,100.0
ont_Q25,10,0.001,0.01,0.05,0,identical_B,18000,17055,17055,0,0,0,0,0,0,17055,100.0,100.0
ont_Q25,10,0.001,0.01,1e-06,11,different,18000,17865,17869,180,179,179,0,1,0,17686,98.9980408620207,98.9980408620207
ont_Q25,10,0.001,0.01,1e-06,29,different,18000,17038,17041,180,167,167,0,13,0,16871,99.019838009156,99.019838009156
ont_Q25,10,0.001,0.01,1e-06,0,identical_A,18000,17864,17865,0,0,0,0,0,0,17864,100.0,100.0
ont_Q25,10,0.001,0.01,1e-06,0,identical_B,18000,17050,17055,0,0,0,0,0,0,17050,100.0,100.0
ont_Q25,30,0.001,0.0,0.05,11,different,18000,18000,18000,180,180,173,7,0,0,17820,99.03888888888888,99.0
ont_Q25,30,0.001,0.0,0.05,29,different,18000,18000,18000,180,180,177,3,0,0,17820,99.01666666666668,99.0
ont_Q25,30,0.001,0.0,0.05,0,identical_A,18000,18000,18000,0,0,0,0,0,0,18000,100.0,100.0
ont_Q25,30,0.001,0.0,0.05,0,identical_B,18000,18000,18000,0,0,0,0,0,0,18000,100.0,100.0
ont_Q25,30,0.001,0.0,1e-06,11,different,18000,18000,18000,180,180,180,0,0,0,17820,99.0,99.0
ont_Q25,30,0.001,0.0,1e-06,29,different,18000,18000,18000,180,180,180,0,0,0,17820,99.0,99.0
ont_Q25,30,0.001,0.0,1e-06,0,identical_A,18000,18000,18000,0,0,0,0,0,0,18000,100.0,100.0
ont_Q25,30,0.001,0.0,1e-06,0,identical_B,18000,18000,18000,0,0,0,0,0,0,18000,100.0,100.0
ont_Q25,30,0.001,0.01,0.05,11,different,18000,18000,18000,180,180,173,7,0,0,17820,99.03888888888888,99.0
ont_Q25,30,0.001,0.01,0.05,29,different,18000,18000,18000,180,180,177,3,0,0,17820,99.01666666666668,99.0
ont_Q25,30,0.001,0.01,0.05,0,identical_A,18000,18000,18000,0,0,0,0,0,0,18000,100.0,100.0
ont_Q25,30,0.001,0.01,0.05,0,identical_B,18000,18000,18000,0,0,0,0,0,0,18000,100.0,100.0
ont_Q25,30,0.001,0.01,1e-06,11,different,18000,18000,18000,180,180,180,0,0,0,17820,99.0,99.0
ont_Q25,30,0.001,0.01,1e-06,29,different,18000,18000,18000,180,180,180,0,0,0,17820,99.0,99.0
ont_Q25,30,0.001,0.01,1e-06,0,identical_A,18000,18000,18000,0,0,0,0,0,0,18000,100.0,100.0
ont_Q25,30,0.001,0.01,1e-06,0,identical_B,18000,18000,18000,0,0,0,0,0,0,18000,100.0,100.0
ont_Q25,100,0.001,0.0,0.05,11,different,18000,18000,18000,180,180,157,23,0,0,17820,99.12777777777778,99.0
ont_Q25,100,0.001,0.0,0.05,29,different,18000,18000,18000,180,180,166,14,0,0,17820,99.07777777777778,99.0
ont_Q25,100,0.001,0.0,0.05,0,identical_A,18000,18000,18000,0,0,0,0,0,0,18000,100.0,100.0
ont_Q25,100,0.001,0.0,0.05,0,identical_B,18000,18000,18000,0,0,0,0,0,0,18000,100.0,100.0
ont_Q25,100,0.001,0.0,1e-06,11,different,18000,18000,18000,180,180,180,0,0,0,17820,99.0,99.0
ont_Q25,100,0.001,0.0,1e-06,29,different,18000,18000,18000,180,180,180,0,0,0,17820,99.0,99.0
ont_Q25,100,0.001,0.0,1e-06,0,identical_A,18000,18000,18000,0,0,0,0,0,0,18000,100.0,100.0
ont_Q25,100,0.001,0.0,1e-06,0,identical_B,18000,18000,18000,0,0,0,0,0,0,18000,100.0,100.0
ont_Q25,100,0.001,0.01,0.05,11,different,18000,18000,18000,180,180,169,11,0,0,17820,99.06111111111112,99.0
ont_Q25,100,0.001,0.01,0.05,29,different,18000,18000,18000,180,180,173,7,0,0,17820,99.03888888888888,99.0
ont_Q25,100,0.001,0.01,0.05,0,identical_A,18000,18000,18000,0,0,0,0,0,0,18000,100.0,100.0
ont_Q25,100,0.001,0.01,0.05,0,identical_B,18000,18000,18000,0,0,0,0,0,0,18000,100.0,100.0
ont_Q25,100,0.001,0.01,1e-06,11,different,18000,18000,18000,180,180,180,0,0,0,17820,99.0,99.0
ont_Q25,100,0.001,0.01,1e-06,29,different,18000,18000,18000,180,180,180,0,0,0,17820,99.0,99.0
ont_Q25,100,0.001,0.01,1e-06,0,identical_A,18000,18000,18000,0,0,0,0,0,0,18000,100.0,100.0
ont_Q25,100,0.001,0.01,1e-06,0,identical_B,18000,18000,18000,0,0,0,0,0,0,18000,100.0,100.0
ont_Q25,300,0.001,0.0,0.05,11,different,18000,18000,18000,180,180,174,6,0,0,17820,99.03333333333332,99.0
ont_Q25,300,0.001,0.0,0.05,29,different,18000,18000,18000,180,180,177,3,0,0,17820,99.01666666666668,99.0
ont_Q25,300,0.001,0.0,0.05,0,identical_A,18000,18000,18000,0,0,0,0,0,0,18000,100.0,100.0
ont_Q25,300,0.001,0.0,0.05,0,identical_B,18000,18000,18000,0,0,0,0,0,0,18000,100.0,100.0
ont_Q25,300,0.001,0.0,1e-06,11,different,18000,18000,18000,180,180,180,0,0,0,17820,99.0,99.0
ont_Q25,300,0.001,0.0,1e-06,29,different,18000,18000,18000,180,180,180,0,0,0,17820,99.0,99.0
ont_Q25,300,0.001,0.0,1e-06,0,identical_A,18000,18000,18000,0,0,0,0,0,0,18000,100.0,100.0
ont_Q25,300,0.001,0.0,1e-06,0,identical_B,18000,18000,18000,0,0,0,0,0,0,18000,100.0,100.0
ont_Q25,300,0.001,0.01,0.05,11,different,18000,18000,18000,180,180,180,0,0,0,17820,99.0,99.0
ont_Q25,300,0.001,0.01,0.05,29,different,18000,18000,18000,180,180,180,0,0,0,17820,99.0,99.0
ont_Q25,300,0.001,0.01,0.05,0,identical_A,18000,18000,18000,0,0,0,0,0,0,18000,100.0,100.0
ont_Q25,300,0.001,0.01,0.05,0,identical_B,18000,18000,18000,0,0,0,0,0,0,18000,100.0,100.0
ont_Q25,300,0.001,0.01,1e-06,11,different,18000,18000,18000,180,180,180,0,0,0,17820,99.0,99.0
ont_Q25,300,0.001,0.01,1e-06,29,different,18000,18000,18000,180,180,180,0,0,0,17820,99.0,99.0
ont_Q25,300,0.001,0.01,1e-06,0,identical_A,18000,18000,18000,0,0,0,0,0,0,18000,100.0,100.0
ont_Q25,300,0.001,0.01,1e-06,0,identical_B,18000,18000,18000,0,0,0,0,0,0,18000,100.0,100.0
